[
  {
    "id": "6005060009",
    "artist": "Jaydan Wolf",
    "track": "Smells Like Teen Spirit",
    "poster": "img/6005060009.jpg",
    "mp3": "mp3/6005060009.mp3"
  },
  {
    "id": "7709396708",
    "artist": "The Kid LAROI, Justin Bieber",
    "track": "STAY",
    "poster": "img/7709396708.jpg",
    "mp3": "mp3/7709396708.mp3"
  },
  {
    "id": "5987614638",
    "artist": "Дора",
    "track": "Втюрилась",
    "poster": "img/5987614638.jpg",
    "mp3": "mp3/5987614638.mp3"
  },
  {
    "id": "3820960149",
    "artist": "RSAC",
    "track": "NBA",
    "poster": "img/3820960149.jpg",
    "mp3": "mp3/3820960149.mp3"
  },
  {
    "id": "8081902003",
    "artist": "NЮ, Асия",
    "track": "Останься",
    "poster": "img/8081902003.jpg",
    "mp3": "mp3/8081902003.mp3"
  },
  {
    "id": "9430910636",
    "artist": "Alis Shuka",
    "track": "Not About Us",
    "poster": "img/9430910636.jpg",
    "mp3": "mp3/9430910636.mp3"
  },
  {
    "id": "7521931988",
    "artist": "Dame Dame ft. Lunis",
    "track": "Beggin'",
    "poster": "img/7521931988.jpg",
    "mp3": "mp3/7521931988.mp3"
  },
  {
    "id": "6432817901",
    "artist": "Макс Корж",
    "track": "Это наш путь",
    "poster": "img/6432817901.jpg",
    "mp3": "mp3/6432817901.mp3"
  },
  {
    "id": "8245478183",
    "artist": "DJ SMASH, NIVESTA",
    "track": "Позвони",
    "poster": "img/8245478183.jpg",
    "mp3": "mp3/8245478183.mp3"
  },
  {
    "id": "0807225230",
    "artist": "Mary Gu",
    "track": "Косички",
    "poster": "img/0807225230.jpg",
    "mp3": "mp3/0807225230.mp3"
  },
  {
    "id": "5267233768",
    "artist": "Imagine Dragons",
    "track": "Bones",
    "poster": "img/5267233768.jpg",
    "mp3": "mp3/5267233768.mp3"
  },
  {
    "id": "5173802955",
    "artist": "Masked Wolf",
    "track": "Astronaut In The Ocean",
    "poster": "img/5173802955.jpg",
    "mp3": "mp3/5173802955.mp3"
  },
  {
    "id": "2031101209",
    "artist": "KALVADOS",
    "track": "Простыни",
    "poster": "img/2031101209.jpg",
    "mp3": "mp3/2031101209.mp3"
  },
  {
    "id": "9736629074",
    "artist": "HENSY",
    "track": "Поболело и прошло",
    "poster": "img/9736629074.jpg",
    "mp3": "mp3/9736629074.mp3"
  },
  {
    "id": "8458449651",
    "artist": "Trippy Music",
    "track": "Derniere Danse",
    "poster": "img/8458449651.jpg",
    "mp3": "mp3/8458449651.mp3"
  },
  {
    "id": "7780715415",
    "artist": "Markul",
    "track": "Стрелы",
    "poster": "img/7780715415.jpg",
    "mp3": "mp3/7780715415.mp3"
  },
  {
    "id": "9238045504",
    "artist": "Fousheé",
    "track": "Deep End",
    "poster": "img/9238045504.jpg",
    "mp3": "mp3/9238045504.mp3"
  },
  {
    "id": "5698907681",
    "artist": "Imagine Dragons",
    "track": "Follow You",
    "poster": "img/5698907681.jpg",
    "mp3": "mp3/5698907681.mp3"
  }
]
